filename,elapsed_ms,http_code,response,error
"hangul_0000_20260928T124506562Z_924b3686.jpg",566.5,200,"{""class_id"":0,""confidence"":0.9999999490164008,""inference_ms"":183.951,""label"":""가"",""labels_sha256"":""5c7b367099e48f200c3c060a0b938d70bc070ec50e93ec4f670a178007281fc5"",""model_sha256"":""8be3c8819533d32393baffbcc8a30a17eba78370c5a3aed6901dfb1189a2c164"",""model_version"":""component-only-seed12121-20260928"",""polarity_inverted"":false,""preprocess_ms"":326.451,""request_id"":""579bc6739cb041579e0d214cf2108e04"",""server_processing_ms"":521.04,""top5"":[{""class_id"":0,""confidence"":0.9999999490164008,""label"":""가""},{""class_id"":1890,""confidence"":4.696589214564827e-08,""label"":""카""},{""class_id"":1561,""confidence"":9.397536940260958e-10,""label"":""자""},{""class_id"":2,""confidence"":9.000297432696215e-10,""label"":""간""},{""class_id"":159,""confidence"":5.249081072082974e-10,""label"":""기""}]} ",""
"hangul_0000_20260928T124526205Z_054b81d6.jpg",127.0,200,"{""class_id"":0,""confidence"":0.9999998877853936,""inference_ms"":100.245,""label"":""가"",""labels_sha256"":""5c7b367099e48f200c3c060a0b938d70bc070ec50e93ec4f670a178007281fc5"",""model_sha256"":""8be3c8819533d32393baffbcc8a30a17eba78370c5a3aed6901dfb1189a2c164"",""model_version"":""component-only-seed12121-20260928"",""polarity_inverted"":false,""preprocess_ms"":3.278,""request_id"":""746cb77436934bfeb194c6b3e33cb5e8"",""server_processing_ms"":104.87,""top5"":[{""class_id"":0,""confidence"":0.9999998877853936,""label"":""가""},{""class_id"":1890,""confidence"":9.658755531427418e-08,""label"":""카""},{""class_id"":2,""confidence"":7.015955772421686e-09,""label"":""간""},{""class_id"":159,""confidence"":1.7337246390842346e-09,""label"":""기""},{""class_id"":1561,""confidence"":1.4690864874477053e-09,""label"":""자""}]} ",""
"hangul_0001_20260928T124530534Z_ab8fd2f2.jpg",127.4,200,"{""class_id"":0,""confidence"":0.9999971076690776,""inference_ms"":102.041,""label"":""가"",""labels_sha256"":""5c7b367099e48f200c3c060a0b938d70bc070ec50e93ec4f670a178007281fc5"",""model_sha256"":""8be3c8819533d32393baffbcc8a30a17eba78370c5a3aed6901dfb1189a2c164"",""model_version"":""component-only-seed12121-20260928"",""polarity_inverted"":false,""preprocess_ms"":3.068,""request_id"":""ff9e4fa69fdf4373b993d0be4d727496"",""server_processing_ms"":106.337,""top5"":[{""class_id"":0,""confidence"":0.9999971076690776,""label"":""가""},{""class_id"":1890,""confidence"":1.7188415542304371e-06,""label"":""카""},{""class_id"":2,""confidence"":4.6820484906885863e-07,""label"":""간""},{""class_id"":1561,""confidence"":1.6916487615067238e-07,""label"":""자""},{""class_id"":171,""confidence"":1.2966721952559002e-07,""label"":""까""}]} ",""
"hangul_0001_20260928T124533666Z_faa833e8.jpg",127.1,200,"{""class_id"":1,""confidence"":0.9999999594489196,""inference_ms"":100.426,""label"":""각"",""labels_sha256"":""5c7b367099e48f200c3c060a0b938d70bc070ec50e93ec4f670a178007281fc5"",""model_sha256"":""8be3c8819533d32393baffbcc8a30a17eba78370c5a3aed6901dfb1189a2c164"",""model_version"":""component-only-seed12121-20260928"",""polarity_inverted"":false,""preprocess_ms"":3.083,""request_id"":""de1f617a0cbd425ba5dc6f3865d8f1f0"",""server_processing_ms"":104.703,""top5"":[{""class_id"":1,""confidence"":0.9999999594489196,""label"":""각""},{""class_id"":2,""confidence"":3.249117856909186e-08,""label"":""간""},{""class_id"":28,""confidence"":1.9954650067297078e-09,""label"":""갹""},{""class_id"":1562,""confidence"":1.6126775710423117e-09,""label"":""작""},{""class_id"":292,""confidence"":1.3705922090815618e-09,""label"":""낙""}]} ",""
"hangul_0002_20260928T124548736Z_41a66819.jpg",130.7,200,"{""class_id"":2,""confidence"":0.9999751032162316,""inference_ms"":105.129,""label"":""간"",""labels_sha256"":""5c7b367099e48f200c3c060a0b938d70bc070ec50e93ec4f670a178007281fc5"",""model_sha256"":""8be3c8819533d32393baffbcc8a30a17eba78370c5a3aed6901dfb1189a2c164"",""model_version"":""component-only-seed12121-20260928"",""polarity_inverted"":false,""preprocess_ms"":3.063,""request_id"":""48414aaf1bdf4f268191d3fa0afe0c7e"",""server_processing_ms"":109.398,""top5"":[{""class_id"":2,""confidence"":0.9999751032162316,""label"":""간""},{""class_id"":1892,""confidence"":1.1981637337195163e-05,""label"":""칸""},{""class_id"":1780,""confidence"":3.864149079887321e-06,""label"":""찬""},{""class_id"":1563,""confidence"":1.7830365282565117e-06,""label"":""잔""},{""class_id"":906,""confidence"":1.3839006303919039e-06,""label"":""반""}]} ",""
"hangul_0003_20260928T124553460Z_885b8293.jpg",123.4,200,"{""class_id"":3,""confidence"":0.9999995061045731,""inference_ms"":98.904,""label"":""갇"",""labels_sha256"":""5c7b367099e48f200c3c060a0b938d70bc070ec50e93ec4f670a178007281fc5"",""model_sha256"":""8be3c8819533d32393baffbcc8a30a17eba78370c5a3aed6901dfb1189a2c164"",""model_version"":""component-only-seed12121-20260928"",""polarity_inverted"":false,""preprocess_ms"":3.02,""request_id"":""147901b73fa44294a332a7300bd892a7"",""server_processing_ms"":103.129,""top5"":[{""class_id"":3,""confidence"":0.9999995061045731,""label"":""갇""},{""class_id"":2,""confidence"":3.556997687550477e-07,""label"":""간""},{""class_id"":1565,""confidence"":8.930440544313449e-08,""label"":""잗""},{""class_id"":15,""confidence"":2.9610017022786927e-08,""label"":""같""},{""class_id"":7,""confidence"":9.417849878658223e-09,""label"":""감""}]} ",""
"hangul_0004_20260928T124559678Z_5b110be6.jpg",127.2,200,"{""class_id"":4,""confidence"":0.9999992310068337,""inference_ms"":101.464,""label"":""갈"",""labels_sha256"":""5c7b367099e48f200c3c060a0b938d70bc070ec50e93ec4f670a178007281fc5"",""model_sha256"":""8be3c8819533d32393baffbcc8a30a17eba78370c5a3aed6901dfb1189a2c164"",""model_version"":""component-only-seed12121-20260928"",""polarity_inverted"":false,""preprocess_ms"":2.998,""request_id"":""e5480f2ecfb84fed935a71a332074fb3"",""server_processing_ms"":105.732,""top5"":[{""class_id"":4,""confidence"":0.9999992310068337,""label"":""갈""},{""class_id"":15,""confidence"":1.6607658976213328e-07,""label"":""같""},{""class_id"":3,""confidence"":1.4158352366379439e-07,""label"":""갇""},{""class_id"":5,""confidence"":8.228980490557847e-08,""label"":""갉""},{""class_id"":14,""confidence"":6.638557352881995e-08,""label"":""갗""}]} ",""
"hangul_0005_20260928T124604536Z_19275587.jpg",124.8,200,"{""class_id"":5,""confidence"":0.9999999955490235,""inference_ms"":100.097,""label"":""갉"",""labels_sha256"":""5c7b367099e48f200c3c060a0b938d70bc070ec50e93ec4f670a178007281fc5"",""model_sha256"":""8be3c8819533d32393baffbcc8a30a17eba78370c5a3aed6901dfb1189a2c164"",""model_version"":""component-only-seed12121-20260928"",""polarity_inverted"":false,""preprocess_ms"":3.118,""request_id"":""a4a208920e9b40cdb1d9acbfccbc8d74"",""server_processing_ms"":104.542,""top5"":[{""class_id"":5,""confidence"":0.9999999955490235,""label"":""갉""},{""class_id"":779,""confidence"":2.624160315185415e-09,""label"":""맑""},{""class_id"":297,""confidence"":8.561885402227476e-10,""label"":""낡""},{""class_id"":909,""confidence"":6.921641537916912e-10,""label"":""밝""},{""class_id"":1359,""confidence"":2.612931409295131e-10,""label"":""앍""}]} ",""
"hangul_0006_20260928T124740862Z_5d3be83f.jpg",142.5,200,"{""class_id"":6,""confidence"":0.9999969781469922,""inference_ms"":101.372,""label"":""갊"",""labels_sha256"":""5c7b367099e48f200c3c060a0b938d70bc070ec50e93ec4f670a178007281fc5"",""model_sha256"":""8be3c8819533d32393baffbcc8a30a17eba78370c5a3aed6901dfb1189a2c164"",""model_version"":""component-only-seed12121-20260928"",""polarity_inverted"":false,""preprocess_ms"":3.216,""request_id"":""4f78332cec72437cb4ffdc4df1a3221b"",""server_processing_ms"":105.913,""top5"":[{""class_id"":6,""confidence"":0.9999969781469922,""label"":""갊""},{""class_id"":7,""confidence"":1.1757226754839366e-06,""label"":""감""},{""class_id"":1567,""confidence"":7.076001584726932e-07,""label"":""잚""},{""class_id"":5,""confidence"":3.019436444857187e-07,""label"":""갉""},{""class_id"":93,""confidence"":2.9166024773628027e-07,""label"":""괆""}]} ",""
"hangul_0007_20260928T124745292Z_f35b575d.jpg",121.8,200,"{""class_id"":7,""confidence"":0.9999997418899123,""inference_ms"":99.012,""label"":""감"",""labels_sha256"":""5c7b367099e48f200c3c060a0b938d70bc070ec50e93ec4f670a178007281fc5"",""model_sha256"":""8be3c8819533d32393baffbcc8a30a17eba78370c5a3aed6901dfb1189a2c164"",""model_version"":""component-only-seed12121-20260928"",""polarity_inverted"":false,""preprocess_ms"":3.044,""request_id"":""6bef2b7748a64d98a35d8ec9c6a289bb"",""server_processing_ms"":103.289,""top5"":[{""class_id"":7,""confidence"":0.9999997418899123,""label"":""감""},{""class_id"":1894,""confidence"":1.773503615366497e-07,""label"":""캄""},{""class_id"":299,""confidence"":3.9730354231524504e-08,""label"":""남""},{""class_id"":1362,""confidence"":1.2218399482116252e-08,""label"":""암""},{""class_id"":1568,""confidence"":1.1837634771824535e-08,""label"":""잠""}]} ",""
"hangul_0008_20260928T124749895Z_9c71e75b.jpg",125.4,200,"{""class_id"":8,""confidence"":0.9999971897094834,""inference_ms"":102.465,""label"":""갑"",""labels_sha256"":""5c7b367099e48f200c3c060a0b938d70bc070ec50e93ec4f670a178007281fc5"",""model_sha256"":""8be3c8819533d32393baffbcc8a30a17eba78370c5a3aed6901dfb1189a2c164"",""model_version"":""component-only-seed12121-20260928"",""polarity_inverted"":false,""preprocess_ms"":2.97,""request_id"":""ddcb41008b304cd1861335df94c41b45"",""server_processing_ms"":106.668,""top5"":[{""class_id"":8,""confidence"":0.9999971897094834,""label"":""갑""},{""class_id"":7,""confidence"":2.54826623343671e-06,""label"":""감""},{""class_id"":1895,""confidence"":1.4907977351611364e-07,""label"":""캅""},{""class_id"":9,""confidence"":5.2292460345006324e-08,""label"":""값""},{""class_id"":1569,""confidence"":1.7987280869274442e-08,""label"":""잡""}]} ",""
"hangul_0009_20260928T124756867Z_38a374a1.jpg",123.5,200,"{""class_id"":9,""confidence"":0.9999971330576476,""inference_ms"":100.424,""label"":""값"",""labels_sha256"":""5c7b367099e48f200c3c060a0b938d70bc070ec50e93ec4f670a178007281fc5"",""model_sha256"":""8be3c8819533d32393baffbcc8a30a17eba78370c5a3aed6901dfb1189a2c164"",""model_version"":""component-only-seed12121-20260928"",""polarity_inverted"":false,""preprocess_ms"":3.109,""request_id"":""276eba33cc9a4a5d879216dd37bb9dbe"",""server_processing_ms"":104.787,""top5"":[{""class_id"":9,""confidence"":0.9999971330576476,""label"":""값""},{""class_id"":14,""confidence"":2.8478705335506286e-06,""label"":""갗""},{""class_id"":11,""confidence"":1.81088821086985e-08,""label"":""갔""},{""class_id"":8,""confidence"":9.50079829720398e-10,""label"":""갑""},{""class_id"":16,""confidence"":1.1185892525965475e-11,""label"":""갚""}]} ",""
"hangul_0010_20260928T124801106Z_8000a964.jpg",126.4,200,"{""class_id"":10,""confidence"":0.9999995051130979,""inference_ms"":100.46,""label"":""갓"",""labels_sha256"":""5c7b367099e48f200c3c060a0b938d70bc070ec50e93ec4f670a178007281fc5"",""model_sha256"":""8be3c8819533d32393baffbcc8a30a17eba78370c5a3aed6901dfb1189a2c164"",""model_version"":""component-only-seed12121-20260928"",""polarity_inverted"":false,""preprocess_ms"":3.023,""request_id"":""50e1f6a6536b4fe3975a83027de17c6d"",""server_processing_ms"":104.67,""top5"":[{""class_id"":10,""confidence"":0.9999995051130979,""label"":""갓""},{""class_id"":11,""confidence"":2.5300006340426163e-07,""label"":""갔""},{""class_id"":1896,""confidence"":8.239851230154045e-08,""label"":""캇""},{""class_id"":179,""confidence"":6.271334691172683e-08,""label"":""깟""},{""class_id"":13,""confidence"":2.5534487333024422e-08,""label"":""갖""}]} ",""
"hangul_0011_20260928T125456567Z_a73a51c0.jpg",136.0,200,"{""class_id"":11,""confidence"":0.9999611987810011,""inference_ms"":100.304,""label"":""갔"",""labels_sha256"":""5c7b367099e48f200c3c060a0b938d70bc070ec50e93ec4f670a178007281fc5"",""model_sha256"":""8be3c8819533d32393baffbcc8a30a17eba78370c5a3aed6901dfb1189a2c164"",""model_version"":""component-only-seed12121-20260928"",""polarity_inverted"":false,""preprocess_ms"":3.305,""request_id"":""06df955fe1854274be810b0cf2ca5b31"",""server_processing_ms"":104.864,""top5"":[{""class_id"":11,""confidence"":0.9999611987810011,""label"":""갔""},{""class_id"":9,""confidence"":1.800883681740007e-05,""label"":""값""},{""class_id"":1571,""confidence"":1.3425548450763121e-05,""label"":""잤""},{""class_id"":14,""confidence"":1.5561355492870827e-06,""label"":""갗""},{""class_id"":10,""confidence"":1.4585467443214554e-06,""label"":""갓""}]} ",""
"hangul_0012_20260928T125501369Z_a5e33035.jpg",154.8,200,"{""class_id"":12,""confidence"":0.9999948865917507,""inference_ms"":127.697,""label"":""강"",""labels_sha256"":""5c7b367099e48f200c3c060a0b938d70bc070ec50e93ec4f670a178007281fc5"",""model_sha256"":""8be3c8819533d32393baffbcc8a30a17eba78370c5a3aed6901dfb1189a2c164"",""model_version"":""component-only-seed12121-20260928"",""polarity_inverted"":false,""preprocess_ms"":5.98,""request_id"":""8e211e25f84c4eb7aed5926428eab507"",""server_processing_ms"":137.021,""top5"":[{""class_id"":12,""confidence"":0.9999948865917507,""label"":""강""},{""class_id"":7,""confidence"":1.9627440623106093e-06,""label"":""감""},{""class_id"":17,""confidence"":1.846359501344955e-06,""label"":""갛""},{""class_id"":1,""confidence"":1.1283738741787656e-06,""label"":""각""},{""class_id"":2,""confidence"":6.727442386554326e-08,""label"":""간""}]} ",""
"hangul_0013_20260928T125508121Z_f6e8c0dd.jpg",121.0,200,"{""class_id"":13,""confidence"":0.9999853465307098,""inference_ms"":99.909,""label"":""갖"",""labels_sha256"":""5c7b367099e48f200c3c060a0b938d70bc070ec50e93ec4f670a178007281fc5"",""model_sha256"":""8be3c8819533d32393baffbcc8a30a17eba78370c5a3aed6901dfb1189a2c164"",""model_version"":""component-only-seed12121-20260928"",""polarity_inverted"":false,""preprocess_ms"":3.092,""request_id"":""48dfbfaf0bd04a4ca3d7455b0492afbb"",""server_processing_ms"":104.305,""top5"":[{""class_id"":13,""confidence"":0.9999853465307098,""label"":""갖""},{""class_id"":14,""confidence"":1.4538539914858241e-05,""label"":""갗""},{""class_id"":1573,""confidence"":1.0973124259972059e-07,""label"":""잦""},{""class_id"":785,""confidence"":2.2786854103845105e-09,""label"":""맞""},{""class_id"":655,""confidence"":6.375509488954346e-10,""label"":""랒""}]} ",""
"hangul_0014_20260928T125513459Z_bdb746be.jpg",120.3,200,"{""class_id"":14,""confidence"":0.99999998520819,""inference_ms"":98.963,""label"":""갗"",""labels_sha256"":""5c7b367099e48f200c3c060a0b938d70bc070ec50e93ec4f670a178007281fc5"",""model_sha256"":""8be3c8819533d32393baffbcc8a30a17eba78370c5a3aed6901dfb1189a2c164"",""model_version"":""component-only-seed12121-20260928"",""polarity_inverted"":false,""preprocess_ms"":3.077,""request_id"":""c3c41d5fcdbc44bbb32e28d918f79ff9"",""server_processing_ms"":103.273,""top5"":[{""class_id"":14,""confidence"":0.99999998520819,""label"":""갗""},{""class_id"":305,""confidence"":1.178537125348679e-08,""label"":""낯""},{""class_id"":13,""confidence"":2.8525985347990307e-09,""label"":""갖""},{""class_id"":448,""confidence"":1.0901557135751707e-10,""label"":""닻""},{""class_id"":17,""confidence"":4.473170896929503e-11,""label"":""갛""}]} ",""
"hangul_0015_20260928T125519492Z_e3c2f05e.jpg",120.9,200,"{""class_id"":15,""confidence"":0.9999989230602634,""inference_ms"":100.455,""label"":""같"",""labels_sha256"":""5c7b367099e48f200c3c060a0b938d70bc070ec50e93ec4f670a178007281fc5"",""model_sha256"":""8be3c8819533d32393baffbcc8a30a17eba78370c5a3aed6901dfb1189a2c164"",""model_version"":""component-only-seed12121-20260928"",""polarity_inverted"":false,""preprocess_ms"":3.016,""request_id"":""e01433a06a6f44169dbe628800e7be4d"",""server_processing_ms"":104.701,""top5"":[{""class_id"":15,""confidence"":0.9999989230602634,""label"":""같""},{""class_id"":3,""confidence"":8.480139613255147e-07,""label"":""갇""},{""class_id"":182,""confidence"":7.218808512297745e-08,""label"":""깥""},{""class_id"":48,""confidence"":5.475421833927047e-08,""label"":""겉""},{""class_id"":14,""confidence"":4.030959523210264e-08,""label"":""갗""}]} ",""
"hangul_0016_20260928T125524492Z_5d9bd8b4.jpg",120.7,200,"{""class_id"":16,""confidence"":0.9999999957581429,""inference_ms"":100.023,""label"":""갚"",""labels_sha256"":""5c7b367099e48f200c3c060a0b938d70bc070ec50e93ec4f670a178007281fc5"",""model_sha256"":""8be3c8819533d32393baffbcc8a30a17eba78370c5a3aed6901dfb1189a2c164"",""model_version"":""component-only-seed12121-20260928"",""polarity_inverted"":false,""preprocess_ms"":2.934,""request_id"":""82fafe314723467d8f9669be70923f31"",""server_processing_ms"":104.173,""top5"":[{""class_id"":16,""confidence"":0.9999999957581429,""label"":""갚""},{""class_id"":1368,""confidence"":2.547705745758745e-09,""label"":""앞""},{""class_id"":49,""confidence"":7.269635482342475e-10,""label"":""겊""},{""class_id"":15,""confidence"":6.063387625120533e-10,""label"":""같""},{""class_id"":170,""confidence"":1.5115378483376084e-10,""label"":""깊""}]} ",""
"hangul_0017_20260928T125529706Z_6b300235.jpg",122.3,200,"{""class_id"":17,""confidence"":0.9999997604267455,""inference_ms"":100.721,""label"":""갛"",""labels_sha256"":""5c7b367099e48f200c3c060a0b938d70bc070ec50e93ec4f670a178007281fc5"",""model_sha256"":""8be3c8819533d32393baffbcc8a30a17eba78370c5a3aed6901dfb1189a2c164"",""model_version"":""component-only-seed12121-20260928"",""polarity_inverted"":false,""preprocess_ms"":3.035,""request_id"":""b8db94da9c02490385894d3d0d11c3b7"",""server_processing_ms"":104.985,""top5"":[{""class_id"":17,""confidence"":0.9999997604267455,""label"":""갛""},{""class_id"":14,""confidence"":2.237529267649344e-07,""label"":""갗""},{""class_id"":50,""confidence"":1.0460114605464852e-08,""label"":""겋""},{""class_id"":787,""confidence"":3.130869123723532e-09,""label"":""맣""},{""class_id"":657,""confidence"":1.6559840667835467e-09,""label"":""랗""}]} ",""
"hangul_0018_20260928T125533631Z_aafcaa81.jpg",120.5,200,"{""class_id"":18,""confidence"":0.9999964308173066,""inference_ms"":99.4,""label"":""개"",""labels_sha256"":""5c7b367099e48f200c3c060a0b938d70bc070ec50e93ec4f670a178007281fc5"",""model_sha256"":""8be3c8819533d32393baffbcc8a30a17eba78370c5a3aed6901dfb1189a2c164"",""model_version"":""component-only-seed12121-20260928"",""polarity_inverted"":false,""preprocess_ms"":3.099,""request_id"":""feecd288627e4781aa376f64db55acae"",""server_processing_ms"":103.786,""top5"":[{""class_id"":18,""confidence"":0.9999964308173066,""label"":""개""},{""class_id"":1898,""confidence"":2.349129814552031e-06,""label"":""캐""},{""class_id"":36,""confidence"":2.3395931298738544e-07,""label"":""거""},{""class_id"":22,""confidence"":1.685534673825043e-07,""label"":""갬""},{""class_id"":33,""confidence"":1.315316025471731e-07,""label"":""걔""}]} ",""
"hangul_0019_20260928T125537795Z_de102ca4.jpg",128.1,200,"{""class_id"":19,""confidence"":0.9999999865581581,""inference_ms"":106.849,""label"":""객"",""labels_sha256"":""5c7b367099e48f200c3c060a0b938d70bc070ec50e93ec4f670a178007281fc5"",""model_sha256"":""8be3c8819533d32393baffbcc8a30a17eba78370c5a3aed6901dfb1189a2c164"",""model_version"":""component-only-seed12121-20260928"",""polarity_inverted"":false,""preprocess_ms"":3.097,""request_id"":""065d8277a4494e26adb1d37175830217"",""server_processing_ms"":111.175,""top5"":[{""class_id"":19,""confidence"":0.9999999865581581,""label"":""객""},{""class_id"":37,""confidence"":4.370746419432114e-09,""label"":""걱""},{""class_id"":309,""confidence"":1.9272787460352873e-09,""label"":""낵""},{""class_id"":1370,""confidence"":1.6445099236875869e-09,""label"":""액""},{""class_id"":20,""confidence"":1.3407936350844428e-09,""label"":""갠""}]} ",""
"hangul_0020_20260928T125541958Z_cd6c2f2e.jpg",121.2,200,"{""class_id"":20,""confidence"":0.9998722988845918,""inference_ms"":100.327,""label"":""갠"",""labels_sha256"":""5c7b367099e48f200c3c060a0b938d70bc070ec50e93ec4f670a178007281fc5"",""model_sha256"":""8be3c8819533d32393baffbcc8a30a17eba78370c5a3aed6901dfb1189a2c164"",""model_version"":""component-only-seed12121-20260928"",""polarity_inverted"":false,""preprocess_ms"":3.08,""request_id"":""d5fa9077a80e4c8a8e742fa635532536"",""server_processing_ms"":104.676,""top5"":[{""class_id"":20,""confidence"":0.9998722988845918,""label"":""갠""},{""class_id"":34,""confidence"":0.00011415109552318737,""label"":""걘""},{""class_id"":23,""confidence"":2.3751434519589113e-06,""label"":""갭""},{""class_id"":1900,""confidence"":2.3184168876765155e-06,""label"":""캔""},{""class_id"":310,""confidence"":2.165428330337501e-06,""label"":""낸""}]} ",""
"hangul_0021_20260928T125546792Z_25f4c504.jpg",120.6,200,"{""class_id"":21,""confidence"":0.9999999726872671,""inference_ms"":100.28,""label"":""갤"",""labels_sha256"":""5c7b367099e48f200c3c060a0b938d70bc070ec50e93ec4f670a178007281fc5"",""model_sha256"":""8be3c8819533d32393baffbcc8a30a17eba78370c5a3aed6901dfb1189a2c164"",""model_version"":""component-only-seed12121-20260928"",""polarity_inverted"":false,""preprocess_ms"":3.037,""request_id"":""2ea60b1aeb16460b9df5b51644284e28"",""server_processing_ms"":104.518,""top5"":[{""class_id"":21,""confidence"":0.9999999726872671,""label"":""갤""},{""class_id"":40,""confidence"":8.849044237275474e-09,""label"":""걸""},{""class_id"":1901,""confidence"":2.864017257261945e-09,""label"":""캘""},{""class_id"":4,""confidence"":2.332705829594698e-09,""label"":""갈""},{""class_id"":35,""confidence"":2.298889621065011e-09,""label"":""걜""}]} ",""
"hangul_0022_20260928T125552097Z_32bcd57e.jpg",119.6,200,"{""class_id"":22,""confidence"":0.9999999536579932,""inference_ms"":98.333,""label"":""갬"",""labels_sha256"":""5c7b367099e48f200c3c060a0b938d70bc070ec50e93ec4f670a178007281fc5"",""model_sha256"":""8be3c8819533d32393baffbcc8a30a17eba78370c5a3aed6901dfb1189a2c164"",""model_version"":""component-only-seed12121-20260928"",""polarity_inverted"":false,""preprocess_ms"":3.1,""request_id"":""418123ebfdb0411fac16ea7898cbcb13"",""server_processing_ms"":102.652,""top5"":[{""class_id"":22,""confidence"":0.9999999536579932,""label"":""갬""},{""class_id"":1902,""confidence"":3.417480105714946e-08,""label"":""캠""},{""class_id"":25,""confidence"":3.377083773292984e-09,""label"":""갰""},{""class_id"":54,""confidence"":1.4303345838404272e-09,""label"":""겜""},{""class_id"":187,""confidence"":1.3800409599138e-09,""label"":""깸""}]} ",""
"hangul_0023_20260928T125557288Z_2a42c651.jpg",120.6,200,"{""class_id"":23,""confidence"":0.9999996099640551,""inference_ms"":100.427,""label"":""갭"",""labels_sha256"":""5c7b367099e48f200c3c060a0b938d70bc070ec50e93ec4f670a178007281fc5"",""model_sha256"":""8be3c8819533d32393baffbcc8a30a17eba78370c5a3aed6901dfb1189a2c164"",""model_version"":""component-only-seed12121-20260928"",""polarity_inverted"":false,""preprocess_ms"":3.029,""request_id"":""d148b113ee47442cb5d6f43ce58c8b17"",""server_processing_ms"":104.684,""top5"":[{""class_id"":23,""confidence"":0.9999996099640551,""label"":""갭""},{""class_id"":1903,""confidence"":2.6972613786110797e-07,""label"":""캡""},{""class_id"":22,""confidence"":8.87926682790424e-08,""label"":""갬""},{""class_id"":1579,""confidence"":2.3402956203106183e-08,""label"":""잽""},{""class_id"":188,""confidence"":2.1052157232728884e-09,""label"":""깹""}]} ",""
"hangul_0024_20260928T125601694Z_38d6af98.jpg",125.2,200,"{""class_id"":24,""confidence"":0.9999985103701151,""inference_ms"":104.034,""label"":""갯"",""labels_sha256"":""5c7b367099e48f200c3c060a0b938d70bc070ec50e93ec4f670a178007281fc5"",""model_sha256"":""8be3c8819533d32393baffbcc8a30a17eba78370c5a3aed6901dfb1189a2c164"",""model_version"":""component-only-seed12121-20260928"",""polarity_inverted"":false,""preprocess_ms"":3.196,""request_id"":""53c6ecb2e8f249fdb51ae2683ee3f1b8"",""server_processing_ms"":108.479,""top5"":[{""class_id"":24,""confidence"":0.9999985103701151,""label"":""갯""},{""class_id"":25,""confidence"":1.4417083144930155e-06,""label"":""갰""},{""class_id"":189,""confidence"":2.30435955952102e-08,""label"":""깻""},{""class_id"":1904,""confidence"":1.523257167748731e-08,""label"":""캣""},{""class_id"":664,""confidence"":3.509765000980105e-09,""label"":""랫""}]} ",""
"hangul_0025_20260928T125606835Z_bd61ea6b.jpg",120.1,200,"{""class_id"":25,""confidence"":0.9999383296462594,""inference_ms"":99.018,""label"":""갰"",""labels_sha256"":""5c7b367099e48f200c3c060a0b938d70bc070ec50e93ec4f670a178007281fc5"",""model_sha256"":""8be3c8819533d32393baffbcc8a30a17eba78370c5a3aed6901dfb1189a2c164"",""model_version"":""component-only-seed12121-20260928"",""polarity_inverted"":false,""preprocess_ms"":2.936,""request_id"":""f499166aae714f55a3fbed8ae24a55d9"",""server_processing_ms"":103.231,""top5"":[{""class_id"":25,""confidence"":0.9999383296462594,""label"":""갰""},{""class_id"":1581,""confidence"":4.466199584078824e-05,""label"":""쟀""},{""class_id"":45,""confidence"":4.6433043842389614e-06,""label"":""겄""},{""class_id"":1905,""confidence"":4.160957163131961e-06,""label"":""캤""},{""class_id"":24,""confidence"":2.3738532424940386e-06,""label"":""갯""}]} ",""
"hangul_0026_20260928T125611466Z_6e011f62.jpg",120.3,200,"{""class_id"":26,""confidence"":0.9999975896306809,""inference_ms"":99.503,""label"":""갱"",""labels_sha256"":""5c7b367099e48f200c3c060a0b938d70bc070ec50e93ec4f670a178007281fc5"",""model_sha256"":""8be3c8819533d32393baffbcc8a30a17eba78370c5a3aed6901dfb1189a2c164"",""model_version"":""component-only-seed12121-20260928"",""polarity_inverted"":false,""preprocess_ms"":3.154,""request_id"":""f343f5deb6794239bab50a4e1dcee11c"",""server_processing_ms"":103.924,""top5"":[{""class_id"":26,""confidence"":0.9999975896306809,""label"":""갱""},{""class_id"":22,""confidence"":2.152560552319096e-06,""label"":""갬""},{""class_id"":24,""confidence"":1.0595122132414485e-07,""label"":""갯""},{""class_id"":25,""confidence"":9.122902116356875e-08,""label"":""갰""},{""class_id"":1906,""confidence"":1.6301397960626814e-08,""label"":""캥""}]} ",""
"hangul_0027_20260928T125614996Z_20dc6e7d.jpg",119.9,200,"{""class_id"":27,""confidence"":0.9999999595118984,""inference_ms"":99.414,""label"":""갸"",""labels_sha256"":""5c7b367099e48f200c3c060a0b938d70bc070ec50e93ec4f670a178007281fc5"",""model_sha256"":""8be3c8819533d32393baffbcc8a30a17eba78370c5a3aed6901dfb1189a2c164"",""model_version"":""component-only-seed12121-20260928"",""polarity_inverted"":false,""preprocess_ms"":2.974,""request_id"":""112ee591f3b445269adf80c3ec44da6b"",""server_processing_ms"":103.586,""top5"":[{""class_id"":27,""confidence"":0.9999999595118984,""label"":""갸""},{""class_id"":31,""confidence"":2.055387531817943e-08,""label"":""걋""},{""class_id"":0,""confidence"":1.656866706556866e-08,""label"":""가""},{""class_id"":1907,""confidence"":1.485020840409328e-09,""label"":""캬""},{""class_id"":29,""confidence"":1.0075981824152986e-09,""label"":""갼""}]} ",""
"hangul_0028_20260928T125618923Z_58d95214.jpg",121.6,200,"{""class_id"":28,""confidence"":0.9999996698602516,""inference_ms"":100.967,""label"":""갹"",""labels_sha256"":""5c7b367099e48f200c3c060a0b938d70bc070ec50e93ec4f670a178007281fc5"",""model_sha256"":""8be3c8819533d32393baffbcc8a30a17eba78370c5a3aed6901dfb1189a2c164"",""model_version"":""component-only-seed12121-20260928"",""polarity_inverted"":false,""preprocess_ms"":3.258,""request_id"":""4ad027d0f390421288b7eda0c5aa3de2"",""server_processing_ms"":105.496,""top5"":[{""class_id"":28,""confidence"":0.9999996698602516,""label"":""갹""},{""class_id"":1,""confidence"":1.4184848156655843e-07,""label"":""각""},{""class_id"":31,""confidence"":8.023448080961475e-08,""label"":""걋""},{""class_id"":29,""confidence"":7.509371665920687e-08,""label"":""갼""},{""class_id"":1908,""confidence"":8.695655524892174e-09,""label"":""캭""}]} ",""
"hangul_0029_20260928T125622637Z_a102e1fe.jpg",119.0,200,"{""class_id"":29,""confidence"":0.9999999896422099,""inference_ms"":99.112,""label"":""갼"",""labels_sha256"":""5c7b367099e48f200c3c060a0b938d70bc070ec50e93ec4f670a178007281fc5"",""model_sha256"":""8be3c8819533d32393baffbcc8a30a17eba78370c5a3aed6901dfb1189a2c164"",""model_version"":""component-only-seed12121-20260928"",""polarity_inverted"":false,""preprocess_ms"":3.033,""request_id"":""df5cfc755d5349f9baabde7ca4628e51"",""server_processing_ms"":103.363,""top5"":[{""class_id"":29,""confidence"":0.9999999896422099,""label"":""갼""},{""class_id"":2,""confidence"":3.501756171309217e-09,""label"":""간""},{""class_id"":28,""confidence"":1.6996354830324934e-09,""label"":""갹""},{""class_id"":31,""confidence"":1.3564225513401117e-09,""label"":""걋""},{""class_id"":669,""confidence"":9.695135210493322e-10,""label"":""랸""}]} ",""
"hangul_0030_20260928T125626850Z_a8a868c2.jpg",122.7,200,"{""class_id"":30,""confidence"":0.9999443843004199,""inference_ms"":102.066,""label"":""걀"",""labels_sha256"":""5c7b367099e48f200c3c060a0b938d70bc070ec50e93ec4f670a178007281fc5"",""model_sha256"":""8be3c8819533d32393baffbcc8a30a17eba78370c5a3aed6901dfb1189a2c164"",""model_version"":""component-only-seed12121-20260928"",""polarity_inverted"":false,""preprocess_ms"":3.216,""request_id"":""48520088165040a89b07dc4ba7d7a369"",""server_processing_ms"":106.564,""top5"":[{""class_id"":30,""confidence"":0.9999443843004199,""label"":""걀""},{""class_id"":4,""confidence"":5.497310274321162e-05,""label"":""갈""},{""class_id"":73,""confidence"":3.2254237136796535e-07,""label"":""곌""},{""class_id"":35,""confidence"":1.7805144482177557e-07,""label"":""걜""},{""class_id"":147,""confidence"":9.956406962988352e-08,""label"":""귤""}]} ",""
"hangul_0031_20260928T125631248Z_3222d4bd.jpg",120.7,200,"{""class_id"":31,""confidence"":0.9999999485387223,""inference_ms"":99.684,""label"":""걋"",""labels_sha256"":""5c7b367099e48f200c3c060a0b938d70bc070ec50e93ec4f670a178007281fc5"",""model_sha256"":""8be3c8819533d32393baffbcc8a30a17eba78370c5a3aed6901dfb1189a2c164"",""model_version"":""component-only-seed12121-20260928"",""polarity_inverted"":false,""preprocess_ms"":3.046,""request_id"":""8da95a9bf2f8426d8e27c3f681f5b811"",""server_processing_ms"":103.968,""top5"":[{""class_id"":31,""confidence"":0.9999999485387223,""label"":""걋""},{""class_id"":10,""confidence"":4.436822329662049e-08,""label"":""갓""},{""class_id"":28,""confidence"":2.6462832621738142e-09,""label"":""갹""},{""class_id"":75,""confidence"":1.881024405107365e-09,""label"":""곗""},{""class_id"":29,""confidence"":1.5262220498405075e-09,""label"":""갼""}]} ",""
"hangul_0032_20260928T125635190Z_b03b4732.jpg",124.0,200,"{""class_id"":32,""confidence"":0.9999929245336301,""inference_ms"":103.671,""label"":""걍"",""labels_sha256"":""5c7b367099e48f200c3c060a0b938d70bc070ec50e93ec4f670a178007281fc5"",""model_sha256"":""8be3c8819533d32393baffbcc8a30a17eba78370c5a3aed6901dfb1189a2c164"",""model_version"":""component-only-seed12121-20260928"",""polarity_inverted"":false,""preprocess_ms"":3.039,""request_id"":""88b20c6959e04f71abf19e2e769a3cad"",""server_processing_ms"":107.96,""top5"":[{""class_id"":32,""confidence"":0.9999929245336301,""label"":""걍""},{""class_id"":12,""confidence"":5.087718556677038e-06,""label"":""강""},{""class_id"":1909,""confidence"":1.062928557688438e-06,""label"":""컁""},{""class_id"":31,""confidence"":5.301751659721897e-07,""label"":""걋""},{""class_id"":28,""confidence"":2.1551930307889876e-07,""label"":""갹""}]} ",""
"hangul_0033_20260928T125639264Z_9938eb08.jpg",121.4,200,"{""class_id"":33,""confidence"":0.9999997388160362,""inference_ms"":100.199,""label"":""걔"",""labels_sha256"":""5c7b367099e48f200c3c060a0b938d70bc070ec50e93ec4f670a178007281fc5"",""model_sha256"":""8be3c8819533d32393baffbcc8a30a17eba78370c5a3aed6901dfb1189a2c164"",""model_version"":""component-only-seed12121-20260928"",""polarity_inverted"":false,""preprocess_ms"":3.048,""request_id"":""14c6b0465bb6484fa6f9c80ae1f4bf68"",""server_processing_ms"":104.507,""top5"":[{""class_id"":33,""confidence"":0.9999997388160362,""label"":""걔""},{""class_id"":18,""confidence"":2.510899203161643e-07,""label"":""개""},{""class_id"":59,""confidence"":9.96587350632467e-09,""label"":""겨""},{""class_id"":1590,""confidence"":9.144056560183213e-11,""label"":""쟤""},{""class_id"":34,""confidence"":2.348043072481932e-11,""label"":""걘""}]} ",""
"hangul_0034_20260928T125644592Z_3c96e47c.jpg",122.3,200,"{""class_id"":34,""confidence"":0.9999741967372363,""inference_ms"":100.119,""label"":""걘"",""labels_sha256"":""5c7b367099e48f200c3c060a0b938d70bc070ec50e93ec4f670a178007281fc5"",""model_sha256"":""8be3c8819533d32393baffbcc8a30a17eba78370c5a3aed6901dfb1189a2c164"",""model_version"":""component-only-seed12121-20260928"",""polarity_inverted"":false,""preprocess_ms"":3.028,""request_id"":""0958f4696762416e99f390663ef4d410"",""server_processing_ms"":104.345,""top5"":[{""class_id"":34,""confidence"":0.9999741967372363,""label"":""걘""},{""class_id"":20,""confidence"":2.5349650716796623e-05,""label"":""갠""},{""class_id"":62,""confidence"":3.656010816889102e-07,""label"":""견""},{""class_id"":72,""confidence"":8.265110249815865e-08,""label"":""곈""},{""class_id"":99,""confidence"":2.6230367598996433e-09,""label"":""괜""}]} ",""
"hangul_0035_20260928T125649490Z_a89fe12e.jpg",123.1,200,"{""class_id"":35,""confidence"":0.9999950558650464,""inference_ms"":102.161,""label"":""걜"",""labels_sha256"":""5c7b367099e48f200c3c060a0b938d70bc070ec50e93ec4f670a178007281fc5"",""model_sha256"":""8be3c8819533d32393baffbcc8a30a17eba78370c5a3aed6901dfb1189a2c164"",""model_version"":""component-only-seed12121-20260928"",""polarity_inverted"":false,""preprocess_ms"":3.131,""request_id"":""c0ea4b9a0ad74d1798f08b8f922bad57"",""server_processing_ms"":106.531,""top5"":[{""class_id"":35,""confidence"":0.9999950558650464,""label"":""걜""},{""class_id"":21,""confidence"":4.922058041645751e-06,""label"":""갤""},{""class_id"":64,""confidence"":2.1213887586185675e-08,""label"":""결""},{""class_id"":1592,""confidence"":5.454610323645248e-10,""label"":""쟬""},{""class_id"":34,""confidence"":1.6291618838774832e-10,""label"":""걘""}]} ",""
"hangul_0036_20260928T125652645Z_0dec98c0.jpg",122.6,200,"{""class_id"":159,""confidence"":0.9816731346808862,""inference_ms"":100.514,""label"":""기"",""labels_sha256"":""5c7b367099e48f200c3c060a0b938d70bc070ec50e93ec4f670a178007281fc5"",""model_sha256"":""8be3c8819533d32393baffbcc8a30a17eba78370c5a3aed6901dfb1189a2c164"",""model_version"":""component-only-seed12121-20260928"",""polarity_inverted"":false,""preprocess_ms"":3.008,""request_id"":""9ae07629cbec465b8b5492129ea701bb"",""server_processing_ms"":104.836,""top5"":[{""class_id"":159,""confidence"":0.9816731346808862,""label"":""기""},{""class_id"":1683,""confidence"":0.013754821270917874,""label"":""지""},{""class_id"":36,""confidence"":0.0034527533779511246,""label"":""거""},{""class_id"":158,""confidence"":0.0007803739792343313,""label"":""긔""},{""class_id"":1989,""confidence"":0.0001588681509321474,""label"":""키""}]} ",""
"hangul_0036_20260928T125656583Z_813e9935.jpg",121.3,200,"{""class_id"":36,""confidence"":0.9999998313077494,""inference_ms"":100.349,""label"":""거"",""labels_sha256"":""5c7b367099e48f200c3c060a0b938d70bc070ec50e93ec4f670a178007281fc5"",""model_sha256"":""8be3c8819533d32393baffbcc8a30a17eba78370c5a3aed6901dfb1189a2c164"",""model_version"":""component-only-seed12121-20260928"",""polarity_inverted"":false,""preprocess_ms"":3.148,""request_id"":""f3c00d01b43641dd97e841d9c51ec4a8"",""server_processing_ms"":104.774,""top5"":[{""class_id"":36,""confidence"":0.9999998313077494,""label"":""거""},{""class_id"":1910,""confidence"":1.6095614804379762e-07,""label"":""커""},{""class_id"":130,""confidence"":3.0778296304282687e-09,""label"":""궈""},{""class_id"":195,""confidence"":1.417078767845511e-09,""label"":""꺼""},{""class_id"":1593,""confidence"":1.3043678019563945e-09,""label"":""저""}]} ",""
"hangul_0037_20260928T125700486Z_505b2cea.jpg",122.5,200,"{""class_id"":37,""confidence"":0.9999998541386188,""inference_ms"":101.714,""label"":""걱"",""labels_sha256"":""5c7b367099e48f200c3c060a0b938d70bc070ec50e93ec4f670a178007281fc5"",""model_sha256"":""8be3c8819533d32393baffbcc8a30a17eba78370c5a3aed6901dfb1189a2c164"",""model_version"":""component-only-seed12121-20260928"",""polarity_inverted"":false,""preprocess_ms"":3.048,""request_id"":""852c4199e39a4f69b6801f8355c8e62b"",""server_processing_ms"":106.024,""top5"":[{""class_id"":37,""confidence"":0.9999998541386188,""label"":""걱""},{""class_id"":160,""confidence"":7.57632176872822e-08,""label"":""긱""},{""class_id"":60,""confidence"":1.4544678037839167e-08,""label"":""격""},{""class_id"":1911,""confidence"":1.452715580124264e-08,""label"":""컥""},{""class_id"":1594,""confidence"":1.0653268050318431e-08,""label"":""적""}]} ",""
"hangul_0038_20260928T125704056Z_50c0a038.jpg",120.4,200,"{""class_id"":38,""confidence"":0.9999994380181761,""inference_ms"":100.29,""label"":""건"",""labels_sha256"":""5c7b367099e48f200c3c060a0b938d70bc070ec50e93ec4f670a178007281fc5"",""model_sha256"":""8be3c8819533d32393baffbcc8a30a17eba78370c5a3aed6901dfb1189a2c164"",""model_version"":""component-only-seed12121-20260928"",""polarity_inverted"":false,""preprocess_ms"":3.018,""request_id"":""85e4b9627bc04b4c9f8bce4b6e497679"",""server_processing_ms"":104.511,""top5"":[{""class_id"":38,""confidence"":0.9999994380181761,""label"":""건""},{""class_id"":62,""confidence"":1.6327606181329316e-07,""label"":""견""},{""class_id"":132,""confidence"":1.3693007774619816e-07,""label"":""권""},{""class_id"":39,""confidence"":7.661913022566099e-08,""label"":""걷""},{""class_id"":37,""confidence"":4.974090106501044e-08,""label"":""걱""}]} ",""
"hangul_0039_20260928T125707776Z_dd2b3c47.jpg",131.8,200,"{""class_id"":39,""confidence"":0.9752848437722593,""inference_ms"":110.769,""label"":""걷"",""labels_sha256"":""5c7b367099e48f200c3c060a0b938d70bc070ec50e93ec4f670a178007281fc5"",""model_sha256"":""8be3c8819533d32393baffbcc8a30a17eba78370c5a3aed6901dfb1189a2c164"",""model_version"":""component-only-seed12121-20260928"",""polarity_inverted"":false,""preprocess_ms"":2.948,""request_id"":""5693851b40bf470db0fab50541cfc18e"",""server_processing_ms"":114.986,""top5"":[{""class_id"":39,""confidence"":0.9752848437722593,""label"":""걷""},{""class_id"":38,""confidence"":0.024696799678980103,""label"":""건""},{""class_id"":63,""confidence"":6.560268045679788e-06,""label"":""겯""},{""class_id"":1913,""confidence"":5.530308781311175e-06,""label"":""컫""},{""class_id"":42,""confidence"":2.1706936588700967e-06,""label"":""검""}]} ",""
"hangul_0040_20260928T125711404Z_0b427fe4.jpg",119.1,200,"{""class_id"":40,""confidence"":0.9999944803993045,""inference_ms"":98.685,""label"":""걸"",""labels_sha256"":""5c7b367099e48f200c3c060a0b938d70bc070ec50e93ec4f670a178007281fc5"",""model_sha256"":""8be3c8819533d32393baffbcc8a30a17eba78370c5a3aed6901dfb1189a2c164"",""model_version"":""component-only-seed12121-20260928"",""polarity_inverted"":false,""preprocess_ms"":3.161,""request_id"":""fa7300404bc442f9bfd49d4816d5f75d"",""server_processing_ms"":103.047,""top5"":[{""class_id"":40,""confidence"":0.9999944803993045,""label"":""걸""},{""class_id"":163,""confidence"":3.8645187862136795e-06,""label"":""길""},{""class_id"":48,""confidence"":1.1784138297063712e-06,""label"":""겉""},{""class_id"":1914,""confidence"":1.4640240574349207e-07,""label"":""컬""},{""class_id"":1596,""confidence"":8.075152818776108e-08,""label"":""절""}]} ",""
"hangul_0041_20260928T125716832Z_cd92e70a.jpg",119.8,200,"{""class_id"":41,""confidence"":0.9999999993868742,""inference_ms"":99.831,""label"":""걺"",""labels_sha256"":""5c7b367099e48f200c3c060a0b938d70bc070ec50e93ec4f670a178007281fc5"",""model_sha256"":""8be3c8819533d32393baffbcc8a30a17eba78370c5a3aed6901dfb1189a2c164"",""model_version"":""component-only-seed12121-20260928"",""polarity_inverted"":false,""preprocess_ms"":3.047,""request_id"":""acda8b1706934e8685c03f4838538508"",""server_processing_ms"":104.101,""top5"":[{""class_id"":41,""confidence"":0.9999999993868742,""label"":""걺""},{""class_id"":42,""confidence"":2.0672512174716437e-10,""label"":""검""},{""class_id"":164,""confidence"":2.014316373595014e-10,""label"":""긺""},{""class_id"":49,""confidence"":1.0467670649670824e-10,""label"":""겊""},{""class_id"":1597,""confidence"":6.205178991095124e-11,""label"":""젊""}]} ",""
"hangul_0042_20260928T125720594Z_0618fe1c.jpg",123.4,200,"{""class_id"":42,""confidence"":0.9999993014051543,""inference_ms"":101.891,""label"":""검"",""labels_sha256"":""5c7b367099e48f200c3c060a0b938d70bc070ec50e93ec4f670a178007281fc5"",""model_sha256"":""8be3c8819533d32393baffbcc8a30a17eba78370c5a3aed6901dfb1189a2c164"",""model_version"":""component-only-seed12121-20260928"",""polarity_inverted"":false,""preprocess_ms"":3.097,""request_id"":""ce059213486745d493df007453dc8159"",""server_processing_ms"":106.348,""top5"":[{""class_id"":42,""confidence"":0.9999993014051543,""label"":""검""},{""class_id"":1915,""confidence"":5.022478720698578e-07,""label"":""컴""},{""class_id"":1598,""confidence"":1.1948321635341314e-07,""label"":""점""},{""class_id"":46,""confidence"":3.215025325239403e-08,""label"":""겅""},{""class_id"":65,""confidence"":1.677200580873642e-08,""label"":""겸""}]} ",""
"hangul_0043_20260928T125724774Z_0f15626c.jpg",121.8,200,"{""class_id"":43,""confidence"":0.9999443737732879,""inference_ms"":101.204,""label"":""겁"",""labels_sha256"":""5c7b367099e48f200c3c060a0b938d70bc070ec50e93ec4f670a178007281fc5"",""model_sha256"":""8be3c8819533d32393baffbcc8a30a17eba78370c5a3aed6901dfb1189a2c164"",""model_version"":""component-only-seed12121-20260928"",""polarity_inverted"":false,""preprocess_ms"":2.955,""request_id"":""ea80bb90bc4e455eada1adad51d217d4"",""server_processing_ms"":105.393,""top5"":[{""class_id"":43,""confidence"":0.9999443737732879,""label"":""겁""},{""class_id"":42,""confidence"":5.3033200867034965e-05,""label"":""검""},{""class_id"":1916,""confidence"":1.7377957854825635e-06,""label"":""컵""},{""class_id"":46,""confidence"":3.4525588555145933e-07,""label"":""겅""},{""class_id"":1599,""confidence"":1.7302210640525078e-07,""label"":""접""}]} ",""
"hangul_0044_20260928T125728678Z_d805f257.jpg",118.9,200,"{""class_id"":44,""confidence"":0.9999999480593234,""inference_ms"":98.264,""label"":""것"",""labels_sha256"":""5c7b367099e48f200c3c060a0b938d70bc070ec50e93ec4f670a178007281fc5"",""model_sha256"":""8be3c8819533d32393baffbcc8a30a17eba78370c5a3aed6901dfb1189a2c164"",""model_version"":""component-only-seed12121-20260928"",""polarity_inverted"":false,""preprocess_ms"":3.183,""request_id"":""21001f4ed9d3404dba55541cb761a292"",""server_processing_ms"":102.664,""top5"":[{""class_id"":44,""confidence"":0.9999999480593234,""label"":""것""},{""class_id"":45,""confidence"":4.152788903771122e-08,""label"":""겄""},{""class_id"":67,""confidence"":4.204492300272432e-09,""label"":""겻""},{""class_id"":47,""confidence"":3.635479825962824e-09,""label"":""겆""},{""class_id"":202,""confidence"":1.0303630113743603e-09,""label"":""껏""}]} ",""
"hangul_0045_20260928T125732897Z_b6423b6f.jpg",122.0,200,"{""class_id"":45,""confidence"":0.9999996822154735,""inference_ms"":101.549,""label"":""겄"",""labels_sha256"":""5c7b367099e48f200c3c060a0b938d70bc070ec50e93ec4f670a178007281fc5"",""model_sha256"":""8be3c8819533d32393baffbcc8a30a17eba78370c5a3aed6901dfb1189a2c164"",""model_version"":""component-only-seed12121-20260928"",""polarity_inverted"":false,""preprocess_ms"":3.005,""request_id"":""d02edf63a41b4ea8a2f7bc626aadd96d"",""server_processing_ms"":105.761,""top5"":[{""class_id"":45,""confidence"":0.9999996822154735,""label"":""겄""},{""class_id"":1918,""confidence"":1.2363044742598103e-07,""label"":""컸""},{""class_id"":203,""confidence"":1.0124063181778027e-07,""label"":""껐""},{""class_id"":1811,""confidence"":2.7222728314454584e-08,""label"":""첬""},{""class_id"":44,""confidence"":2.6105944147277772e-08,""label"":""것""}]} ",""
"hangul_0046_20260928T125736601Z_2f62dcdb.jpg",121.5,200,"{""class_id"":46,""confidence"":0.9999996631307584,""inference_ms"":101.607,""label"":""겅"",""labels_sha256"":""5c7b367099e48f200c3c060a0b938d70bc070ec50e93ec4f670a178007281fc5"",""model_sha256"":""8be3c8819533d32393baffbcc8a30a17eba78370c5a3aed6901dfb1189a2c164"",""model_version"":""component-only-seed12121-20260928"",""polarity_inverted"":false,""preprocess_ms"":2.995,""request_id"":""1e147b7e632848d3af7bcc13a66a8b24"",""server_processing_ms"":105.824,""top5"":[{""class_id"":46,""confidence"":0.9999996631307584,""label"":""겅""},{""class_id"":42,""confidence"":2.7418988624379176e-07,""label"":""검""},{""class_id"":50,""confidence"":2.984382128026787e-08,""label"":""겋""},{""class_id"":135,""confidence"":1.143003816462591e-08,""label"":""궝""},{""class_id"":168,""confidence"":7.77489037124258e-09,""label"":""깅""}]} ",""
"hangul_0047_20260928T125740989Z_98914907.jpg",122.5,200,"{""class_id"":47,""confidence"":0.999968095810875,""inference_ms"":101.578,""label"":""겆"",""labels_sha256"":""5c7b367099e48f200c3c060a0b938d70bc070ec50e93ec4f670a178007281fc5"",""model_sha256"":""8be3c8819533d32393baffbcc8a30a17eba78370c5a3aed6901dfb1189a2c164"",""model_version"":""component-only-seed12121-20260928"",""polarity_inverted"":false,""preprocess_ms"":3.099,""request_id"":""f03f1143a53346fe8563adff0019f1ea"",""server_processing_ms"":105.929,""top5"":[{""class_id"":47,""confidence"":0.999968095810875,""label"":""겆""},{""class_id"":40,""confidence"":1.1021704140876742e-05,""label"":""걸""},{""class_id"":169,""confidence"":1.0850073067297663e-05,""label"":""깆""},{""class_id"":1602,""confidence"":9.002029145357973e-06,""label"":""젖""},{""class_id"":44,""confidence"":3.9196369760569154e-07,""label"":""것""}]} ",""
"hangul_0048_20260928T125745088Z_d9be3e45.jpg",120.5,200,"{""class_id"":48,""confidence"":0.9999152391253355,""inference_ms"":99.675,""label"":""겉"",""labels_sha256"":""5c7b367099e48f200c3c060a0b938d70bc070ec50e93ec4f670a178007281fc5"",""model_sha256"":""8be3c8819533d32393baffbcc8a30a17eba78370c5a3aed6901dfb1189a2c164"",""model_version"":""component-only-seed12121-20260928"",""polarity_inverted"":false,""preprocess_ms"":3.105,""request_id"":""85611a0bf1f04aa69d01df0cf3f8bcf6"",""server_processing_ms"":104.009,""top5"":[{""class_id"":48,""confidence"":0.9999152391253355,""label"":""겉""},{""class_id"":39,""confidence"":8.129477124651073e-05,""label"":""걷""},{""class_id"":40,""confidence"":2.8486260027190672e-06,""label"":""걸""},{""class_id"":49,""confidence"":4.313174181704936e-07,""label"":""겊""},{""class_id"":70,""confidence"":7.60077392375927e-08,""label"":""곁""}]} ",""
"hangul_0049_20260928T125749216Z_d20ac31b.jpg",120.7,200,"{""class_id"":49,""confidence"":0.9999930876459145,""inference_ms"":100.531,""label"":""겊"",""labels_sha256"":""5c7b367099e48f200c3c060a0b938d70bc070ec50e93ec4f670a178007281fc5"",""model_sha256"":""8be3c8819533d32393baffbcc8a30a17eba78370c5a3aed6901dfb1189a2c164"",""model_version"":""component-only-seed12121-20260928"",""polarity_inverted"":false,""preprocess_ms"":2.958,""request_id"":""1dfdeecd86b94762b5c4f2adee02fe9f"",""server_processing_ms"":104.796,""top5"":[{""class_id"":49,""confidence"":0.9999930876459145,""label"":""겊""},{""class_id"":170,""confidence"":6.719704142510109e-06,""label"":""깊""},{""class_id"":48,""confidence"":1.383594901458871e-07,""label"":""겉""},{""class_id"":473,""confidence"":5.159600280226846e-08,""label"":""덮""},{""class_id"":50,""confidence"":1.4269458817404748e-09,""label"":""겋""}]} ",""
